{"entities":{"pages":{"newG":{"id":"newG","title":"new GGG","url":"newg.html","level":0,"tabIndex":0},"Default-topic":{"id":"Default-topic","title":"This is the first topic","url":"default-topic.html","level":0,"pages":["Tutorialsdf"],"tabIndex":1},"Tutorialsdf":{"id":"Tutorialsdf","title":"Tutorial","url":"tutorialsdf.html","level":1,"parentId":"Default-topic","tabIndex":0},"one":{"id":"one","title":"one","url":"one.html","level":0,"tabIndex":2},"demo":{"id":"demo","title":"demo","url":"demo.html","level":0,"tabIndex":4},"toc-library":{"id":"toc-library","title":"About toc-library","url":"toc-library.html","level":0,"tabIndex":5}}},"topLevelIds":["newG","Default-topic","one","demo","toc-library"]}